doi,title,url,publisherID,journalID,dateCreated,references,referencedBy,aim
10.1152/ajpcell.00231.2024,Isolation of a persistently quiescent muscle satellite cell population,https://doi.org/10.1152/ajpcell.00231.2024,American Physiological Society,American Journal of Physiology-Cell Physiology,2024-06-24,32,0,Cell Sources
10.1016/j.jfca.2024.106663,Assessment of the potential nutritional value of cell-cultured chicken meat in light of European dietary recommendations,https://doi.org/10.1016/j.jfca.2024.106663,Elsevier BV,Journal of Food Composition and Analysis,2024-08-16,73,4,Safety
10.1002/bit.28324,Techno‐economic modeling and assessment of cultivated meat: Impact of production bioreactor scale,https://doi.org/10.1002/bit.28324,Wiley,Biotechnology and Bioengineering,2022-12-30,43,33,Performance
10.3389/fcell.2022.858884,Covariation of Pluripotency Markers and Biomechanical Properties in Mouse Embryonic Stem Cells,https://doi.org/10.3389/fcell.2022.858884,Frontiers Media SA,Frontiers in Cell and Developmental Biology,2022-05-16,32,1,Cell Differentiation
10.1016/j.ifset.2024.103734,Eggshell membrane as a natural food-grade scaffold for cultured meat,https://doi.org/10.1016/j.ifset.2024.103734,Elsevier BV,Innovative Food Science &amp; Emerging Technologies,2024-06-16,53,0,Scaffolding
10.3389/fsufs.2023.1127164,Halal or not? Exploring Muslim perceptions of cultured meat in Singapore,https://doi.org/10.3389/fsufs.2023.1127164,Frontiers Media SA,Frontiers in Sustainable Food Systems,2023-04-06,65,16,Religion
10.1016/j.livsci.2021.104705,The power of initial perceived barriers versus motives shaping consumers’ willingness to eat cultured meat as a substitute for conventional meat,https://doi.org/10.1016/j.livsci.2021.104705,Elsevier BV,Livestock Science,2021-09-21,33,31,Acceptance
10.1016/j.meatsci.2019.04.004,Strategies for overcoming aversion to unnaturalness: The case of clean meat,https://doi.org/10.1016/j.meatsci.2019.04.004,Elsevier BV,Meat Science,2019-04-04,51,91,Acceptance
10.3389/fsufs.2023.1160458,"Bad animals, techno-fixes, and the environmental narratives of alternative protein",https://doi.org/10.3389/fsufs.2023.1160458,Frontiers Media SA,Frontiers in Sustainable Food Systems,2023-06-13,73,3,Education
10.3390/su13137430,Consumers’ Perception of In-Vitro Meat in New Zealand Using the Theory of Planned Behaviour Model,https://doi.org/10.3390/su13137430,MDPI AG,Sustainability,2021-07-02,52,15,Acceptance
10.1353/con.2013.0013,"Growing Meat in Laboratories: The Promise, Ontology, and Ethical Boundary-Work of Using Muscle Cells to Make Food",https://doi.org/10.1353/con.2013.0013,Project MUSE,Configurations,2013-11-24,0,56,Ethics
10.1038/s41538-019-0041-0,Setting the table for meat consumers: an international Delphi study on in vitro meat,https://doi.org/10.1038/s41538-019-0041-0,Springer Science and Business Media LLC,npj Science of Food,2019-06-04,39,33,Stakeholders
10.1038/s41538-019-0041-0,Setting the table for meat consumers: an international Delphi study on in vitro meat,https://doi.org/10.1038/s41538-019-0041-0,Springer Science and Business Media LLC,npj Science of Food,2019-06-04,39,33,Acceptance
10.1016/j.biomaterials.2022.121615,Engineered meatballs via scalable skeletal muscle cell expansion and modular micro-tissue assembly using porous gelatin micro-carriers,https://doi.org/10.1016/j.biomaterials.2022.121615,Elsevier BV,Biomaterials,2022-06-03,62,63,Scaffolding
10.1016/j.xpro.2023.102351,Protein expression and purification of bioactive growth factors for use in cell culture and cellular agriculture,https://doi.org/10.1016/j.xpro.2023.102351,Elsevier BV,STAR Protocols,2023-06-13,11,2,Media
10.1016/j.cej.2022.137455,Microfluidic generation of helical micromotors for muscle tissue engineering,https://doi.org/10.1016/j.cej.2022.137455,Elsevier BV,Chemical Engineering Journal,2022-06-10,42,29,Scaffolding
10.1016/j.techsoc.2022.102116,The interplay of entrepreneurial ecosystems and global value chains: Insights from the cultivated meat entrepreneurial ecosystem of Singapore,https://doi.org/10.1016/j.techsoc.2022.102116,Elsevier BV,Technology in Society,2022-09-10,97,11,Stakeholders
10.3389/fbioe.2023.1116917,Bioactive cellulose acetate nanofiber loaded with annatto support skeletal muscle cell attachment and proliferation,https://doi.org/10.3389/fbioe.2023.1116917,Frontiers Media SA,Frontiers in Bioengineering and Biotechnology,2023-02-23,77,17,Scaffolding
10.1108/bfj-11-2022-1016,How social norms and dietary identity affect willingness to try cultured meat,https://doi.org/10.1108/bfj-11-2022-1016,Emerald,British Food Journal,2023-11-28,75,3,NA
10.1108/bfj-08-2020-0698,"Consumption behavior and purchase intention of cultured meat in the capital of the “state of barbecue,” Brazil",https://doi.org/10.1108/bfj-08-2020-0698,Emerald,British Food Journal,2021-09-09,94,19,NA
10.1038/s43016-022-00603-x,Thick and thin food justice approaches in the evaluation of cellular agriculture,https://doi.org/10.1038/s43016-022-00603-x,Springer Science and Business Media LLC,Nature Food,2022-10-18,19,8,Ethics
10.1016/j.foodres.2024.114303,Corrigendum to “Analysis of commercial fetal bovine serum (FBS) and its substitutes in the development of cultured meat” [Food Res. Int.174P1 (2023) 113617],https://doi.org/10.1016/j.foodres.2024.114303,Elsevier BV,Food Research International,2024-05-15,0,0,Media
10.5840/philtoday2022318444,Will Symbolic Sacrifice Triumph Over Real Sacrifice?,https://doi.org/10.5840/philtoday2022318444,Philosophy Documentation Center,Philosophy Today,2022-03-22,0,1,Ethics
10.1016/j.appet.2022.106392,Food values drive Chinese consumers' demand for meat and milk substitutes,https://doi.org/10.1016/j.appet.2022.106392,Elsevier BV,Appetite,2022-11-28,60,24,Acceptance
10.1016/j.foodpol.2020.101931,"Consumer preferences for farm-raised meat, lab-grown meat, and plant-based meat alternatives: Does information or brand matter?",https://doi.org/10.1016/j.foodpol.2020.101931,Elsevier BV,Food Policy,2020-07-03,76,301,Acceptance
10.1007/s10806-017-9654-y,Animal Killing and Postdomestic Meat Production,https://doi.org/10.1007/s10806-017-9654-y,Springer Science and Business Media LLC,Journal of Agricultural and Environmental Ethics,2017-02-09,106,49,Ethics
10.1038/s41598-018-28746-7,Maintaining bovine satellite cells stemness through p38 pathway,https://doi.org/10.1038/s41598-018-28746-7,Springer Science and Business Media LLC,Scientific Reports,2018-07-11,55,129,Cell Sources
10.1038/s41538-023-00178-2,The flavor-enhancing action of glutamate and its mechanism involving the notion of kokumi,https://doi.org/10.1038/s41538-023-00178-2,Springer Science and Business Media LLC,npj Science of Food,2023-01-27,74,54,Process
10.1021/acs.jafc.2c09059,Enhancement of Collagen-I Levels in Human Gingival Fibroblasts by Small Molecule Activation of HIF-1α,https://doi.org/10.1021/acs.jafc.2c09059,American Chemical Society (ACS),Journal of Agricultural and Food Chemistry,2023-05-03,50,10,Process
10.1016/j.foodres.2023.113617,Analysis of commercial fetal bovine serum (FBS) and its substitutes in the development of cultured meat,https://doi.org/10.1016/j.foodres.2023.113617,Elsevier BV,Food Research International,2023-10-24,52,24,Media
10.1021/acs.jafc.3c06638,Genipin Activates Autophagy and Promotes Myoblast Differentiation by Activating AMPK Pathway,https://doi.org/10.1021/acs.jafc.3c06638,American Chemical Society (ACS),Journal of Agricultural and Food Chemistry,2024-05-29,50,0,Cell Differentiation
10.1371/journal.pone.0290169,Modelling consumers’ choice of novel food,https://doi.org/10.1371/journal.pone.0290169,Public Library of Science (PLoS),PLOS ONE,2023-08-28,54,11,Performance
10.1016/j.fbio.2022.101571,An effective cytokine combination for ex vivo expansion of porcine muscle stem cells,https://doi.org/10.1016/j.fbio.2022.101571,Elsevier BV,Food Bioscience,2022-01-25,49,22,Media
10.3390/cells13010041,Derivation and Characterization of Novel Cytocompatible Decellularized Tissue Scaffold for Myoblast Growth and Differentiation,https://doi.org/10.3390/cells13010041,MDPI AG,Cells,2023-12-25,51,7,Scaffolding
10.3390/foods13040563,Effect of Crude Polysaccharides from Ecklonia cava Hydrolysate on Cell Proliferation and Differentiation of Hanwoo Muscle Stem Cells for Cultured Meat Production,https://doi.org/10.3390/foods13040563,MDPI AG,Foods,2024-02-13,46,1,Media
10.3390/foods13040563,Effect of Crude Polysaccharides from Ecklonia cava Hydrolysate on Cell Proliferation and Differentiation of Hanwoo Muscle Stem Cells for Cultured Meat Production,https://doi.org/10.3390/foods13040563,MDPI AG,Foods,2024-02-13,46,1,Cell Differentiation
10.1038/s41538-022-00172-0,Nomenclature of cell-cultivated meat &amp; seafood products,https://doi.org/10.1038/s41538-022-00172-0,Springer Science and Business Media LLC,npj Science of Food,2022-12-10,59,27,Acceptance
10.1016/j.meatsci.2022.108763,"Corrigendum to: “Consumer acceptance of cultured meat in Germany” [Meat Science, volume 162, article number 107924]",https://doi.org/10.1016/j.meatsci.2022.108763,Elsevier BV,Meat Science,2022-03-03,0,0,NA
10.1038/s41538-022-00157-z,Spent media analysis suggests cultivated meat media will require species and cell type optimization,https://doi.org/10.1038/s41538-022-00157-z,Springer Science and Business Media LLC,npj Science of Food,2022-09-29,41,37,Media
10.5851/kosfa.2022.e61,Optimal Pre-Plating Method of Chicken Satellite Cells for Cultured Meat Production,https://doi.org/10.5851/kosfa.2022.e61,Korean Society for Food Science of Animal Resources,Food Science of Animal Resources,2022-10-20,29,16,Cell Differentiation
10.3390/cells10092499,Isolation and Characterization of Tissue Resident CD29-Positive Progenitor Cells in Livestock to Generate a Three-Dimensional Meat Bud,https://doi.org/10.3390/cells10092499,MDPI AG,Cells,2021-09-21,20,15,Cell Sources
10.1007/s10806-019-09759-2,Lab-Grown Meat and Veganism: A Virtue-Oriented Perspective,https://doi.org/10.1007/s10806-019-09759-2,Springer Science and Business Media LLC,Journal of Agricultural and Environmental Ethics,2019-02-26,24,31,Ethics
10.5851/kosfa.2024.e46,"Comparison of Soy and Pea Protein for Cultured Meat Scaffolds:
                    Evaluating Gelation, Physical Properties, and Cell Adhesion",https://doi.org/10.5851/kosfa.2024.e46,Korean Society for Food Science of Animal Resources,Food Science of Animal Resources,2024-07-10,64,6,Scaffolding
10.1016/j.fbio.2023.102910,Fabrication of cell cultured meat by hydrogel with topographic microstructures,https://doi.org/10.1016/j.fbio.2023.102910,Elsevier BV,Food Bioscience,2023-07-18,41,11,Scaffolding
10.3390/foods10112588,Brazilian Consumers’ Attitudes towards So-Called “Cell-Based Meat”,https://doi.org/10.3390/foods10112588,MDPI AG,Foods,2021-10-27,63,46,Acceptance
10.1016/j.foodres.2023.113757,Production of green-natural and “authentic” cultured meat based on proanthocyanidins-dialdehyde chitosan-collagen ternary hybrid edible scaffolds,https://doi.org/10.1016/j.foodres.2023.113757,Elsevier BV,Food Research International,2023-11-25,34,10,Scaffolding
10.1016/j.foodqual.2021.104226,"Information, attitudes, and consumer evaluations of cultivated meat",https://doi.org/10.1016/j.foodqual.2021.104226,Elsevier BV,Food Quality and Preference,2021-03-09,73,49,Acceptance
10.1016/j.appet.2019.05.019,How should importance of naturalness be measured? A comparison of different scales,https://doi.org/10.1016/j.appet.2019.05.019,Elsevier BV,Appetite,2019-05-15,34,38,Acceptance
10.1080/13669877.2020.1871057,What drives risk perceptions? Revisiting public perceptions of food hazards associated with production and consumption,https://doi.org/10.1080/13669877.2020.1871057,Informa UK Limited,Journal of Risk Research,2021-01-27,58,20,Acceptance
10.1016/s2095-3119(14)60886-8,Educated consumers don't believe artificial meat is the solution to the problems with the meat industry,https://doi.org/10.1016/s2095-3119(14)60886-8,Elsevier BV,Journal of Integrative Agriculture,2015-02-14,27,145,NA
10.1021/acsabm.3c00944,Whey Protein Isolate Composites as Potential Scaffolds for Cultivated Meat,https://doi.org/10.1021/acsabm.3c00944,American Chemical Society (ACS),ACS Applied Bio Materials,2024-03-19,68,2,Scaffolding
10.3390/nu11081904,"Older Consumers’ Readiness to Accept Alternative, More Sustainable Protein Sources in the European Union",https://doi.org/10.3390/nu11081904,MDPI AG,Nutrients,2019-08-15,63,182,Acceptance
10.1038/s41538-024-00262-1,Decellularised plant scaffolds facilitate porcine skeletal muscle tissue engineering for cultivated meat biomanufacturing,https://doi.org/10.1038/s41538-024-00262-1,Springer Science and Business Media LLC,npj Science of Food,2024-05-03,47,10,Scaffolding
10.3390/bios14010024,Discovery of Novel Stimulators of Pax7 and/or MyoD: Enhancing the Efficacy of Cultured Meat Production through Culture Media Enrichment,https://doi.org/10.3390/bios14010024,MDPI AG,Biosensors,2023-12-31,39,3,Media
10.1016/j.foodhyd.2024.109944,Animal-free scaffold from brown algae provides a three-dimensional cell growth and differentiation environment for steak-like cultivated meat,https://doi.org/10.1016/j.foodhyd.2024.109944,Elsevier BV,Food Hydrocolloids,2024-02-26,70,15,Scaffolding
10.1016/j.livsci.2022.104909,Perception of cultured “meat” by French consumers according to their diet,https://doi.org/10.1016/j.livsci.2022.104909,Elsevier BV,Livestock Science,2022-03-26,21,27,Acceptance
10.1016/j.carbpol.2023.121287,Development of cultivable alginate fibers for an ideal cell-cultivated meat scaffold and production of hybrid cultured meat,https://doi.org/10.1016/j.carbpol.2023.121287,Elsevier BV,Carbohydrate Polymers,2023-08-10,54,27,Scaffolding
10.1016/j.appet.2022.105990,A cross-country investigation of social image motivation and acceptance of lab-grown meat in Singapore and the United States,https://doi.org/10.1016/j.appet.2022.105990,Elsevier BV,Appetite,2022-03-01,62,34,Acceptance
10.1016/j.biomaterials.2022.121649,Harvest of quality-controlled bovine myogenic cells and biomimetic bovine muscle tissue engineering for sustainable meat production,https://doi.org/10.1016/j.biomaterials.2022.121649,Elsevier BV,Biomaterials,2022-06-25,53,31,Process
10.1016/j.cej.2023.147467,Microfluidic generation of bioinspired core–shell structured microfibers for cultured meat,https://doi.org/10.1016/j.cej.2023.147467,Elsevier BV,Chemical Engineering Journal,2023-11-19,42,19,Scaffolding
10.1080/09505431.2018.1544232,Many Meats and Many Milks? The Ontological Politics of a Proposed Post-animal Revolution,https://doi.org/10.1080/09505431.2018.1544232,Informa UK Limited,Science as Culture,2018-11-24,59,46,Ethics
10.3390/conservation3020021,Cultivated Manatee Meat Aiding Amazon Biodiversity Conservation: Discussing a Proposed Model,https://doi.org/10.3390/conservation3020021,MDPI AG,Conservation,2023-05-22,69,1,Performance
10.1016/j.meatsci.2019.04.004,Strategies for overcoming aversion to unnaturalness: The case of clean meat,https://doi.org/10.1016/j.meatsci.2019.04.004,Elsevier BV,Meat Science,2019-04-04,51,91,Acceptance
10.3389/fnut.2020.00148,Cultured Meat and Australia's Generation Z,https://doi.org/10.3389/fnut.2020.00148,Frontiers Media SA,Frontiers in Nutrition,2020-09-08,52,63,Acceptance
10.1002/cite.202200151,The Potential Application of Single‐Use Bioreactors in Cultured Meat Production,https://doi.org/10.1002/cite.202200151,Wiley,Chemie Ingenieur Technik,2022-11-05,19,10,Process
10.1016/j.biomaterials.2021.121155,Gelatin MAGIC powder as nutrient-delivering 3D spacer for growing cell sheets into cost-effective cultured meat,https://doi.org/10.1016/j.biomaterials.2021.121155,Elsevier BV,Biomaterials,2021-09-28,43,52,Media
10.1371/journal.pone.0221129,First glimpse on attitudes of highly educated consumers towards cell-based meat and related issues in Brazil,https://doi.org/10.1371/journal.pone.0221129,Public Library of Science (PLoS),PLOS ONE,2019-08-30,44,75,Acceptance
10.1021/acsami.4c03585,Nanostarch-Stimulated Cell Adhesion in 3D Bioprinted Hydrogel Scaffolds for Cell Cultured Meat,https://doi.org/10.1021/acsami.4c03585,American Chemical Society (ACS),ACS Applied Materials &amp; Interfaces,2024-04-29,46,1,Scaffolding
10.3389/fbioe.2023.1202165,Non-ammoniagenic proliferation and differentiation media for cultivated adipose tissue,https://doi.org/10.3389/fbioe.2023.1202165,Frontiers Media SA,Frontiers in Bioengineering and Biotechnology,2023-07-24,66,6,Media
10.1016/j.appet.2020.104860,Consumer perceptions of conventional and alternative protein sources: A mixed-methods approach with meal and product framing,https://doi.org/10.1016/j.appet.2020.104860,Elsevier BV,Appetite,2020-09-08,45,81,Acceptance
10.1071/rd19272,Livestock pluripotency is finally captured in vitro,https://doi.org/10.1071/rd19272,CSIRO Publishing,"Reproduction, Fertility and Development",2019-12-02,236,30,NA
10.1016/j.crfs.2024.100841,"Advances in development of long-term embryonic stem cell-like cultures from a marine fish, Sciaenops ocellatus",https://doi.org/10.1016/j.crfs.2024.100841,Elsevier BV,Current Research in Food Science,2024-09-13,38,2,Cell Sources
10.1038/s41538-023-00177-3,Author Correction: Nomenclature of cell-cultivated meat &amp; seafood products,https://doi.org/10.1038/s41538-023-00177-3,Springer Science and Business Media LLC,npj Science of Food,2023-01-13,0,0,Education
10.1038/s41467-023-44359-9,Cultured meat with enriched organoleptic properties by regulating cell differentiation,https://doi.org/10.1038/s41467-023-44359-9,Springer Science and Business Media LLC,Nature Communications,2024-01-02,59,39,Cell Differentiation
10.3390/foods13091358,"Production of Plant-Based, Film-Type Scaffolds Using Alginate and Corn Starch for the Culture of Bovine Myoblasts",https://doi.org/10.3390/foods13091358,MDPI AG,Foods,2024-04-29,49,7,Scaffolding
10.1016/j.eist.2024.100871,Creating legitimacy for cultured meat in Germany: The role of social cohesion,https://doi.org/10.1016/j.eist.2024.100871,Elsevier BV,Environmental Innovation and Societal Transitions,2024-07-03,54,1,Education
10.1016/j.crbiot.2024.100241,Comparative evaluation of myogenic potential of purebred chicken muscle stem cells,https://doi.org/10.1016/j.crbiot.2024.100241,Elsevier BV,Current Research in Biotechnology,2024-07-25,34,1,Cell Sources
10.1093/advances/nmab113,Perspective: Unpacking the Wicked Challenges for Alternative Proteins in the United States: Can Highly Processed Plant-Based and Cell-Cultured Food and Beverage Products Support Healthy and Sustainable Diets and Food Systems?,https://doi.org/10.1093/advances/nmab113,Elsevier BV,Advances in Nutrition,2021-09-11,91,37,Ethics
10.2478/aoas-2022-0092,Cell-Based Meat Labeling – Current Worldwide Legislation Status – A Review,https://doi.org/10.2478/aoas-2022-0092,Walter de Gruyter GmbH,Annals of Animal Science,2023-02-07,95,4,Review
10.3389/fsufs.2023.1104731,"Cultured meat, clean meat,… queer meat? A vegan queer ecofeminist perspective on the implications of cellular agriculture",https://doi.org/10.3389/fsufs.2023.1104731,Frontiers Media SA,Frontiers in Sustainable Food Systems,2023-02-16,17,0,Ethics
10.3389/fsufs.2023.1134100,The role of natural scientists in navigating the social implications of cellular agriculture: insights from an interdisciplinary workshop,https://doi.org/10.3389/fsufs.2023.1134100,Frontiers Media SA,Frontiers in Sustainable Food Systems,2023-06-16,53,3,Stakeholders
10.22434/ifamr2022.0017,AgriTech investor and informant perspectives about cellular agriculture,https://doi.org/10.22434/ifamr2022.0017,Walter de Gruyter GmbH,International Food and Agribusiness Management Review,2022-09-27,79,6,NA
10.1016/j.devcel.2021.11.022,ERK1/2 inhibition promotes robust myotube growth via CaMKII activation resulting in myoblast-to-myotube fusion,https://doi.org/10.1016/j.devcel.2021.11.022,Elsevier BV,Developmental Cell,2021-12-20,92,77,Process
10.1016/s2095-3119(14)60891-1,The environmental prospects of cultured meat in China,https://doi.org/10.1016/s2095-3119(14)60891-1,Elsevier BV,Journal of Integrative Agriculture,2015-02-14,62,35,NA
10.3389/fsufs.2024.1294390,Development of a regionalized dynamic weighting method for the environmental impact of alternative protein sources,https://doi.org/10.3389/fsufs.2024.1294390,Frontiers Media SA,Frontiers in Sustainable Food Systems,2024-01-29,32,1,Performance
10.3390/foods12142645,Cultured Meat Safety Research Priorities: Regulatory and Governmental Perspectives,https://doi.org/10.3390/foods12142645,MDPI AG,Foods,2023-07-10,115,14,Regulations
10.1007/s10811-015-0530-8,Recovery of omega-3 profiles of cultivated abalone by dietary macroalgae supplementation,https://doi.org/10.1007/s10811-015-0530-8,Springer Science and Business Media LLC,Journal of Applied Phycology,2015-03-16,50,12,Safety
10.1089/space.2019.0018,Feeding One Million People on Mars,https://doi.org/10.1089/space.2019.0018,Mary Ann Liebert Inc,New Space,2019-09-03,39,43,Performance
10.3390/su12114377,Is India Ready for Alt-Meat? Preferences and Willingness to Pay for Meat Alternatives,https://doi.org/10.3390/su12114377,MDPI AG,Sustainability,2020-05-28,84,50,Acceptance
10.3389/fnut.2023.1196475,Halal cultivated meat: an untapped opportunity,https://doi.org/10.3389/fnut.2023.1196475,Frontiers Media SA,Frontiers in Nutrition,2023-07-13,34,9,Religion
10.1016/j.ces.2019.115269,A conceptual air-lift reactor design for large scale animal cell cultivation in the context of in vitro meat production,https://doi.org/10.1016/j.ces.2019.115269,Elsevier BV,Chemical Engineering Science,2019-10-14,68,72,Process
10.1016/j.bej.2020.107864,Hydrodynamics and mass transfer in spinner flasks: Implications for large scale cultured meat production,https://doi.org/10.1016/j.bej.2020.107864,Elsevier BV,Biochemical Engineering Journal,2020-12-01,37,16,Process
10.1002/btpr.3402,Proliferation of mammalian cells with <i>Chlorococcum littorale</i> algal compounds without serum support,https://doi.org/10.1002/btpr.3402,Wiley,Biotechnology Progress,2023-10-31,48,5,Media
10.3389/fsufs.2022.1056615,"The social impact of cultivated and plant-based meats as radical innovations in the food chain: Views from Brazil, the United States and Europe",https://doi.org/10.3389/fsufs.2022.1056615,Frontiers Media SA,Frontiers in Sustainable Food Systems,2022-12-22,95,9,Acceptance
10.1021/acsbiomaterials.2c01521,Supplementation of GelMA with Minimally Processed Tissue Promotes the Formation of Densely Packed Skeletal-Muscle-Like Tissues,https://doi.org/10.1021/acsbiomaterials.2c01521,American Chemical Society (ACS),ACS Biomaterials Science &amp; Engineering,2023-05-01,80,6,Scaffolding
10.3390/foods12071384,Effect of Serum and Oxygen on the In Vitro Culture of Hanwoo Korean Native Cattle-Derived Skeletal Myogenic Cells Used in Cellular Agriculture,https://doi.org/10.3390/foods12071384,MDPI AG,Foods,2023-03-24,24,3,Media
10.1016/j.crfs.2024.100846,Cellulose as a sustainable scaffold material in cultivated meat production,https://doi.org/10.1016/j.crfs.2024.100846,Elsevier BV,Current Research in Food Science,2024-09-13,144,1,Scaffolding
10.1038/s43016-023-00692-2,"Author Correction: Spontaneous immortalization of chicken fibroblasts generates stable, high-yield cell lines for serum-free production of cultured meat",https://doi.org/10.1038/s43016-023-00692-2,Springer Science and Business Media LLC,Nature Food,2023-01-12,0,2,Cell Sources
10.1016/j.tifs.2023.06.031,Cell culture medium cycling in cultured meat: Key factors and potential strategies,https://doi.org/10.1016/j.tifs.2023.06.031,Elsevier BV,Trends in Food Science &amp; Technology,2023-07-08,157,31,Cell Sources
10.1007/s10806-015-9573-8,Public Perceptions of the Ethics of In-vitro Meat: Determining an Appropriate Course of Action,https://doi.org/10.1007/s10806-015-9573-8,Springer Science and Business Media LLC,Journal of Agricultural and Environmental Ethics,2015-09-04,53,77,Education
10.15252/embr.201847395,The eco‐friendly burger,https://doi.org/10.15252/embr.201847395,Springer Science and Business Media LLC,EMBO reports,2018-12-14,10,121,MIN
10.3390/gels8020094,Scaffolds for Cultured Meat on the Basis of Polysaccharide Hydrogels Enriched with Plant-Based Proteins,https://doi.org/10.3390/gels8020094,MDPI AG,Gels,2022-02-04,112,45,Scaffolding
10.3390/cells13020135,Quality Control of Stem Cell-Based Cultured Meat According to Specific Differentiation Abilities,https://doi.org/10.3390/cells13020135,MDPI AG,Cells,2024-01-11,68,1,Cell Sources
10.1007/s11626-024-00971-7,"Establishment, characterization, and sensory characteristics (taste and flavor) of an immortalized muscle cell line from the seven-band grouper Epinephelus septemfasciatus: implications for cultured seafood applications",https://doi.org/10.1007/s11626-024-00971-7,Springer Science and Business Media LLC,In Vitro Cellular &amp; Developmental Biology - Animal,2024-09-20,27,2,Cell Sources
10.5187/jast.2023.e10,Culturing characteristics of Hanwoo myosatellite cells and C2C12 cells incubated at 37°C and 39°C for cultured meat,https://doi.org/10.5187/jast.2023.e10,Korean Society of Animal Science and Technology,Journal of Animal Science and Technology,2023-02-09,48,11,Process
10.7554/elife.82120,Aggregating in vitro-grown adipocytes to produce macroscale cell-cultured fat tissue with tunable lipid compositions for food applications,https://doi.org/10.7554/elife.82120,"eLife Sciences Publications, Ltd",eLife,2023-04-04,115,24,NA
10.1016/j.lwt.2022.113650,Formation and analysis of structured solid foam patties based on crosslinked plant cell suspension cultures,https://doi.org/10.1016/j.lwt.2022.113650,Elsevier BV,LWT,2022-06-14,40,0,Stakeholders
10.1016/j.foodres.2024.113965,Stabilization of myoglobin from different species (produced by cellular agriculture) using food-grade natural and synthetic antioxidants,https://doi.org/10.1016/j.foodres.2024.113965,Elsevier BV,Food Research International,2024-01-04,40,7,Process
10.3389/fnut.2023.1197111,Evaluation of public submissions to the USDA for labeling of cell-cultured meat in the United States,https://doi.org/10.3389/fnut.2023.1197111,Frontiers Media SA,Frontiers in Nutrition,2023-09-08,54,13,Education
10.1016/j.fufo.2024.100297,"Consumer acceptance of cultured, plant-based, 3D-printed meat and fish alternatives",https://doi.org/10.1016/j.fufo.2024.100297,Elsevier BV,Future Foods,2024-01-10,74,25,Acceptance
10.1021/acsami.2c10620,Bioengineered Lab-Grown Meat-like Constructs through 3D Bioprinting of Antioxidative Protein Hydrolysates,https://doi.org/10.1021/acsami.2c10620,American Chemical Society (ACS),ACS Applied Materials &amp; Interfaces,2022-07-18,63,50,Process
10.1016/j.appet.2024.107240,Understanding consumer attitude toward the name framings of cultured meat: Evidence from China,https://doi.org/10.1016/j.appet.2024.107240,Elsevier BV,Appetite,2024-02-02,88,8,Acceptance
10.3828/extr.2022.11,In Vitro Meat and Science Fiction,https://doi.org/10.3828/extr.2022.11,Liverpool University Press,Extrapolation,2022-07-26,108,8,Education
10.1002/adma.202102660,Tethering Cells via Enzymatic Oxidative Crosslinking Enables Mechanotransduction in Non‐Cell‐Adhesive Materials,https://doi.org/10.1002/adma.202102660,Wiley,Advanced Materials,2021-09-03,96,18,Scaffolding
10.1016/j.appet.2024.107297,"Meat and morality: The moral foundation of purity, but not harm, predicts attitudes toward cultured meat",https://doi.org/10.1016/j.appet.2024.107297,Elsevier BV,Appetite,2024-03-07,67,8,Acceptance
10.1016/j.fufo.2024.100443,Assessment of plant- and microbial-derived protein hydrolysates as sustainable for fetal bovine serum in seafood cell culture media,https://doi.org/10.1016/j.fufo.2024.100443,Elsevier BV,Future Foods,2024-08-24,53,8,Media
10.1108/bfj-09-2021-0987,Consumer segmentation and motives for choice of cultured meat in two Chinese cities: Shanghai and Chengdu,https://doi.org/10.1108/bfj-09-2021-0987,Emerald,British Food Journal,2022-04-04,66,13,NA
10.1007/s00425-024-04456-5,Production of biologically active human basic fibroblast growth factor (hFGFb) using Nicotiana tabacum transplastomic plants,https://doi.org/10.1007/s00425-024-04456-5,Springer Science and Business Media LLC,Planta,2024-06-15,44,1,Media
10.1016/j.foodqual.2024.105208,"Comparing motivations and barriers to reduce meat and adopt protein alternatives amongst meat-eaters in Australia, China and the UK",https://doi.org/10.1016/j.foodqual.2024.105208,Elsevier BV,Food Quality and Preference,2024-04-29,144,19,Acceptance
10.1016/j.appet.2017.03.009,"Meet meat: An explorative study on meat and cultured meat as seen by Chinese, Ethiopians and Dutch",https://doi.org/10.1016/j.appet.2017.03.009,Elsevier BV,Appetite,2017-03-16,38,83,Acceptance
10.1111/joss.12915,How do consumers with different food neophobia levels react to health and environmental information? A case study on legume‐based formulations,https://doi.org/10.1111/joss.12915,Wiley,Journal of Sensory Studies,2024-05-02,69,3,Acceptance
10.1080/08941920.2017.1304599,"On Resurrected Nuggets and Sphincter Windows: Cultured Meat, Art, and the Discursive Subsumption of Nature",https://doi.org/10.1080/08941920.2017.1304599,Informa UK Limited,Society &amp; Natural Resources,2017-04-05,66,5,Education
10.3390/app12094688,Direct Conversion of Bovine Dermal Fibroblasts into Myotubes by Viral Delivery of Transcription Factor bMyoD,https://doi.org/10.3390/app12094688,MDPI AG,Applied Sciences,2022-05-06,65,3,Process
10.1016/j.jfoodeng.2024.112259,Mechanical properties and texture profile analysis of beef burgers and plant-based analogues,https://doi.org/10.1016/j.jfoodeng.2024.112259,Elsevier BV,Journal of Food Engineering,2024-08-08,66,11,Process
10.1016/j.foodpol.2022.102307,Identity labels as an instrument to reduce meat demand and encourage consumption of plant based and cultured meat alternatives in China,https://doi.org/10.1016/j.foodpol.2022.102307,Elsevier BV,Food Policy,2022-07-05,59,50,Acceptance
10.1007/s11626-024-00963-7,Conditions for establishing fin primary cell cultures in a wide range of ray-finned fishes,https://doi.org/10.1007/s11626-024-00963-7,Springer Science and Business Media LLC,In Vitro Cellular &amp; Developmental Biology - Animal,2024-08-08,42,2,Cell Sources
10.1016/j.scitotenv.2023.164988,Toward sustainable culture media: Using artificial intelligence to optimize reduced-serum formulations for cultivated meat,https://doi.org/10.1016/j.scitotenv.2023.164988,Elsevier BV,Science of The Total Environment,2023-06-19,62,30,Media
10.3390/nu15214649,The Heat about Cultured Meat in Poland: A Cross-Sectional Acceptance Study,https://doi.org/10.3390/nu15214649,MDPI AG,Nutrients,2023-11-02,85,9,Acceptance
10.1038/s42003-022-03423-8,Simple and effective serum-free medium for sustained expansion of bovine satellite cells for cell cultured meat,https://doi.org/10.1038/s42003-022-03423-8,Springer Science and Business Media LLC,Communications Biology,2022-06-02,42,183,Media
10.1186/s40100-023-00278-3,"Adaption of the meat attachment scale (MEAS) to Germany: interplay with food neophobia, preference for organic foods, social trust and trust in food technology innovations",https://doi.org/10.1186/s40100-023-00278-3,Springer Science and Business Media LLC,Agricultural and Food Economics,2023-09-19,79,8,Acceptance
10.3390/bioengineering11080854,Bovine Placentome-Derived Extracellular Matrix: A Sustainable 3D Scaffold for Cultivated Meat,https://doi.org/10.3390/bioengineering11080854,MDPI AG,Bioengineering,2024-08-26,70,2,Scaffolding
10.1111/faf.12541,The long and narrow path for novel cell‐based seafood to reduce fishing pressure for marine ecosystem recovery,https://doi.org/10.1111/faf.12541,Wiley,Fish and Fisheries,2021-02-10,88,25,Performance
10.3390/su141912501,Factors Affecting Consumers’ Cultivated Meat Purchase Intentions,https://doi.org/10.3390/su141912501,MDPI AG,Sustainability,2022-10-10,81,13,Acceptance
10.21315/mjms2023.30.5.19,Cultured Meat and Malaysia’s Quest for Food Security and Climate Change Mitigation,https://doi.org/10.21315/mjms2023.30.5.19,Penerbit Universiti Sains Malaysia,Malaysian Journal of Medical Sciences,2023-11-02,0,0,Review
10.1155/2024/1027972,"Citrus sunki Peel Extract, Containing Nobiletin and Tangeretin, Enhances Proliferation and Differentiation in 3T3-L1 Adipocytes",https://doi.org/10.1155/2024/1027972,Wiley,Journal of Food Biochemistry,2024-03-14,84,0,Media
10.1159/000511764,Engineering Murine Adipocytes and Skeletal Muscle Cells in Meat-like Constructs Using Self-Assembled Layer-by-Layer Biofabrication: A Platform for Development of Cultivated Meat,https://doi.org/10.1159/000511764,S. Karger AG,Cells Tissues Organs,2021-01-13,14,25,Scaffolding
10.1016/j.foodres.2022.111561,Production of cultured meat by culturing porcine smooth muscle cells in vitro with food grade peanut wire-drawing protein scaffold,https://doi.org/10.1016/j.foodres.2022.111561,Elsevier BV,Food Research International,2022-06-23,42,48,Scaffolding
10.1016/j.foodres.2022.111818,Quality evaluation of cultured meat with plant protein scaffold,https://doi.org/10.1016/j.foodres.2022.111818,Elsevier BV,Food Research International,2022-08-24,43,25,Scaffolding
10.3389/fsufs.2023.1302511,Can environmentally themed music increase consumers' willingness to pay for low-carbon food? A discrete choice experiment method,https://doi.org/10.3389/fsufs.2023.1302511,Frontiers Media SA,Frontiers in Sustainable Food Systems,2023-12-21,135,1,Acceptance
10.1039/d1fo04340d,Vitamin C enhances the <i>ex vivo</i> proliferation of porcine muscle stem cells for cultured meat production,https://doi.org/10.1039/d1fo04340d,Royal Society of Chemistry (RSC),Food &amp; Function,2022-04-05,51,26,Media
10.1002/fft2.165,Brits and British Muslims and their perceptions of cultured meat: How big is their willingness to purchase?,https://doi.org/10.1002/fft2.165,Wiley,Food Frontiers,2022-06-18,54,13,Acceptance
10.1016/j.foodhyd.2024.110369,3D printing of plant-based fat inks towards manufacturing complex cellular agriculture products with fatty structures,https://doi.org/10.1016/j.foodhyd.2024.110369,Elsevier BV,Food Hydrocolloids,2024-07-02,70,6,Scaffolding
10.1002/adsu.202300499,Pea Protein‐Rich Scaffolds Support 3D Bovine Skeletal Muscle Formation for Cultivated Meat Application,https://doi.org/10.1002/adsu.202300499,Wiley,Advanced Sustainable Systems,2024-01-16,51,14,Scaffolding
10.1007/s11569-018-0330-0,Visions of In Vitro Meat among Experts and Stakeholders,https://doi.org/10.1007/s11569-018-0330-0,Springer Science and Business Media LLC,NanoEthics,2018-11-06,35,15,Stakeholders
10.1016/j.foodqual.2024.105102,"Complexity of consumer acceptance to alternative protein foods in a multiethnic Asian population: A comparison of plant-based meat alternatives, cultured meat, and insect-based products",https://doi.org/10.1016/j.foodqual.2024.105102,Elsevier BV,Food Quality and Preference,2024-01-07,42,31,Acceptance
10.1007/s11947-024-03414-z,Exploring Functionality Gain for (Recombinant) β-Lactoglobulin Through Production and Processing Interventions,https://doi.org/10.1007/s11947-024-03414-z,Springer Science and Business Media LLC,Food and Bioprocess Technology,2024-05-01,51,1,MIN
10.1177/0963662516639001,"The first bite: Imaginaries, promotional publics and the laboratory grown burger",https://doi.org/10.1177/0963662516639001,SAGE Publications,Public Understanding of Science,2016-03-31,49,72,Education
10.1016/j.meatsci.2022.109080,WITHDRAWN: Do individuals living in Turkey accept artificial meat?,https://doi.org/10.1016/j.meatsci.2022.109080,Elsevier BV,Meat Science,2022-12-20,36,0,Acceptance
10.1016/j.foodhyd.2022.107632,Chitosan-collagen hydrogel microparticles as edible cell microcarriers for cultured meat,https://doi.org/10.1016/j.foodhyd.2022.107632,Elsevier BV,Food Hydrocolloids,2022-03-09,55,56,Scaffolding
10.1007/s12015-023-10535-z,Static Magnetic Fields Promote Generation of Muscle Lineage Cells from Pluripotent Stem Cells and Myoblasts,https://doi.org/10.1007/s12015-023-10535-z,Springer Science and Business Media LLC,Stem Cell Reviews and Reports,2023-04-04,54,3,Cell Differentiation
10.3390/foods12142682,The Effect of Long-Term Passage on Porcine SMCs’ Function and the Improvement of TGF-β1 on Porcine SMCs’ Secretory Function in Late Passage,https://doi.org/10.3390/foods12142682,MDPI AG,Foods,2023-07-13,63,1,Cell Differentiation
10.1371/journal.pone.0251432,Analyzing the importance of attributes for Brazilian consumers to replace conventional beef with cultured meat,https://doi.org/10.1371/journal.pone.0251432,Public Library of Science (PLoS),PLOS ONE,2021-05-07,27,25,Acceptance
10.1016/j.biomaterials.2022.121631,"Future foods: Design, fabrication and production through microfluidics",https://doi.org/10.1016/j.biomaterials.2022.121631,Elsevier BV,Biomaterials,2022-06-15,136,31,Scaffolding
10.1016/j.meatsci.2022.108942,"Italian consumers standing at the crossroads of alternative protein sources: Cultivated meat, insect-based and novel plant-based foods",https://doi.org/10.1016/j.meatsci.2022.108942,Elsevier BV,Meat Science,2022-08-06,87,30,NA
10.3390/foods10123116,Extracellular Matrix and the Production of Cultured Meat,https://doi.org/10.3390/foods10123116,MDPI AG,Foods,2021-12-15,109,38,Scaffolding
10.1108/bfj-01-2018-0025,Exploring perceptions of sustainable proteins and meat attachment,https://doi.org/10.1108/bfj-01-2018-0025,Emerald,British Food Journal,2018-10-23,41,130,NA
10.1177/09717218221075158,When Justification Theory Meets Responsible Innovation: A Study of Cell-Based Meat,https://doi.org/10.1177/09717218221075158,SAGE Publications,"Science, Technology and Society",2022-02-06,60,0,Ethics
10.1016/j.foodhyd.2017.05.036,Correlating network structure with functional properties of capillary alginate gels for muscle fiber formation,https://doi.org/10.1016/j.foodhyd.2017.05.036,Elsevier BV,Food Hydrocolloids,2017-06-01,34,34,Scaffolding
10.3389/fnut.2019.00103,The Impact of Framing on Acceptance of Cultured Meat,https://doi.org/10.3389/fnut.2019.00103,Frontiers Media SA,Frontiers in Nutrition,2019-07-03,75,157,Acceptance
10.1038/s41467-024-49521-5,Flavor-switchable scaffold for cultured meat with enhanced aromatic properties,https://doi.org/10.1038/s41467-024-49521-5,Springer Science and Business Media LLC,Nature Communications,2024-07-09,57,8,Scaffolding
10.3390/su13158235,Stated Preferences for Plant-Based and Cultured Meat: A Choice Experiment Study of Spanish Consumers,https://doi.org/10.3390/su13158235,MDPI AG,Sustainability,2021-07-23,102,28,Acceptance
10.3389/fcell.2023.1193634,The ensured proliferative capacity of myoblast in serum-reduced conditions with Methyl-β-cyclodextrin,https://doi.org/10.3389/fcell.2023.1193634,Frontiers Media SA,Frontiers in Cell and Developmental Biology,2023-05-12,53,5,Media
10.1021/acsbiomaterials.3c00358,Optimization of Culture Media and Cell Ratios for 3D <i>In Vitro</i> Skeletal Muscle Tissues with Endothelial Cells,https://doi.org/10.1021/acsbiomaterials.3c00358,American Chemical Society (ACS),ACS Biomaterials Science &amp; Engineering,2023-06-16,49,0,Process
10.3390/nu13041284,"How Do Consumers Perceive Cultured Meat in Croatia, Greece, and Spain?",https://doi.org/10.3390/nu13041284,MDPI AG,Nutrients,2021-04-14,33,35,Acceptance
10.3390/foods12234275,Effect of Ultrasound and Salt on Structural and Physical Properties of Sodium Alginate/Soy Protein Isolates Composite Fiber,https://doi.org/10.3390/foods12234275,MDPI AG,Foods,2023-11-27,51,7,Scaffolding
10.1016/j.meatsci.2022.108964,"Food neophobia, food choice and the details of cultured meat acceptance",https://doi.org/10.1016/j.meatsci.2022.108964,Elsevier BV,Meat Science,2022-09-09,110,34,NA
10.1038/s41538-021-00090-7,Formation of contractile 3D bovine muscle tissue for construction of millimetre-thick cultured steak,https://doi.org/10.1038/s41538-021-00090-7,Springer Science and Business Media LLC,npj Science of Food,2021-03-02,35,129,Scaffolding
10.1016/j.fufo.2024.100412,"Toxicological risks of dairy proteins produced through cellular agriculture: Current state of knowledge, challenges and future perspectives",https://doi.org/10.1016/j.fufo.2024.100412,Elsevier BV,Future Foods,2024-06-27,84,12,Process
10.3390/nu15132935,"Exploring Ethical, Ecological, and Health Factors Influencing the Acceptance of Cultured Meat among Generation Y and Generation Z",https://doi.org/10.3390/nu15132935,MDPI AG,Nutrients,2023-06-29,88,4,Acceptance
10.1016/j.biomaterials.2022.121669,Emulsion-templated microparticles with tunable stiffness and topology: Applications as edible microcarriers for cultured meat,https://doi.org/10.1016/j.biomaterials.2022.121669,Elsevier BV,Biomaterials,2022-07-12,112,59,Scaffolding
10.1080/22041451.2024.2324405,Singapore media and novel foods: how new innovations and food categories are made and negotiated through mainstream and social media,https://doi.org/10.1080/22041451.2024.2324405,Informa UK Limited,Communication Research and Practice,2024-04-12,45,5,Education
10.1016/j.cofs.2019.09.004,Consumer responses to novel and unfamiliar foods,https://doi.org/10.1016/j.cofs.2019.09.004,Elsevier BV,Current Opinion in Food Science,2019-10-01,70,262,Acceptance
10.1038/s41538-021-00121-3,Reprocessing seafood waste: challenge to develop aquatic clean meat from fish cells,https://doi.org/10.1038/s41538-021-00121-3,Springer Science and Business Media LLC,npj Science of Food,2022-01-27,35,30,Process
10.1016/j.foodchem.2024.140696,A rich-nutritious cultured meat via bovine myocytes and adipocytes co-culture: Novel Prospect for cultured meat production techniques,https://doi.org/10.1016/j.foodchem.2024.140696,Elsevier BV,Food Chemistry,2024-07-30,38,4,Cell Differentiation
10.1016/j.foodhyd.2024.109762,Biocompatible porous material templated from gliadin particle and gellan gum co-stabilized wet foam,https://doi.org/10.1016/j.foodhyd.2024.109762,Elsevier BV,Food Hydrocolloids,2024-01-14,59,3,Scaffolding
10.1016/j.foodres.2022.111952,Identification of porcine adipose progenitor cells by fluorescence-activated cell sorting for the preparation of cultured fat by 3D bioprinting,https://doi.org/10.1016/j.foodres.2022.111952,Elsevier BV,Food Research International,2022-09-19,40,16,Cell Sources
10.1038/s41598-024-59767-0,Derivation and long-term maintenance of porcine skeletal muscle progenitor cells,https://doi.org/10.1038/s41598-024-59767-0,Springer Science and Business Media LLC,Scientific Reports,2024-04-23,64,3,Cell Sources
10.3389/fsufs.2019.00128,A Jewish Religious Perspective on Cellular Agriculture,https://doi.org/10.3389/fsufs.2019.00128,Frontiers Media SA,Frontiers in Sustainable Food Systems,2020-01-22,45,27,Religion
10.1016/j.foodcont.2021.108336,Alternative proteins and EU food law,https://doi.org/10.1016/j.foodcont.2021.108336,Elsevier BV,Food Control,2021-06-21,84,83,Regulations
10.1016/j.scitotenv.2022.158051,Prospective life cycle assessment of a bioprocess design for cultured meat production in hollow fiber bioreactors,https://doi.org/10.1016/j.scitotenv.2022.158051,Elsevier BV,Science of The Total Environment,2022-08-17,33,66,Performance
10.1016/j.foodqual.2024.105132,Germans' attitudes toward the microbial protein Solein® and willingness to consume it – The effect of information-based framing,https://doi.org/10.1016/j.foodqual.2024.105132,Elsevier BV,Food Quality and Preference,2024-02-10,93,1,Acceptance
10.1038/s41538-022-00155-1,Production of scaffold-free cell-based meat using cell sheet technology,https://doi.org/10.1038/s41538-022-00155-1,Springer Science and Business Media LLC,npj Science of Food,2022-09-03,47,44,Scaffolding
10.1080/01292986.2024.2342827,Examining public perceptions of cultivated meat in Singapore: food neophobia and neophilia as precursors to the influence of presumed media influence model,https://doi.org/10.1080/01292986.2024.2342827,Informa UK Limited,Asian Journal of Communication,2024-04-23,66,0,Acceptance
10.1007/s11367-015-0931-6,Meat alternatives: life cycle assessment of most known meat substitutes,https://doi.org/10.1007/s11367-015-0931-6,Springer Science and Business Media LLC,The International Journal of Life Cycle Assessment,2015-07-14,65,420,Performance
10.1016/j.fbio.2024.103819,Regulation of myogenic differentiation of myoblasts by groove structure for the design of cell culture meat scaffolds,https://doi.org/10.1016/j.fbio.2024.103819,Elsevier BV,Food Bioscience,2024-03-12,34,0,Scaffolding
10.3390/jfb14040218,Bovine Fibroblast-Derived Extracellular Matrix Promotes the Growth and Preserves the Stemness of Bovine Stromal Cells during In Vitro Expansion,https://doi.org/10.3390/jfb14040218,MDPI AG,Journal of Functional Biomaterials,2023-04-13,59,4,Scaffolding
10.1177/2514848620963125,Magical disruption? Alternative protein and the promise of de-materialization,https://doi.org/10.1177/2514848620963125,SAGE Publications,Environment and Planning E: Nature and Space,2020-10-07,43,28,Ethics
10.3390/foods10112537,Exploring Text Mining for Recent Consumer and Sensory Studies about Alternative Proteins,https://doi.org/10.3390/foods10112537,MDPI AG,Foods,2021-10-21,40,8,Education
10.3390/su16031138,Implications of Food Culture and Practice on the Acceptance of Alternative Meat,https://doi.org/10.3390/su16031138,MDPI AG,Sustainability,2024-01-29,45,0,Acceptance
10.3389/fsufs.2019.00011,"A Survey of Consumer Perceptions of Plant-Based and Clean Meat in the USA, India, and China",https://doi.org/10.3389/fsufs.2019.00011,Frontiers Media SA,Frontiers in Sustainable Food Systems,2019-02-27,30,355,Acceptance
10.1021/acs.jafc.3c09713,3D Porous Edible Scaffolds from Rye Secalin for Cell-Based Pork Fat Tissue Culturing,https://doi.org/10.1021/acs.jafc.3c09713,American Chemical Society (ACS),Journal of Agricultural and Food Chemistry,2024-05-11,34,3,Scaffolding
10.1152/ajpcell.00037.2024,Exploring frontiers in musculoskeletal biology and bioengineering,https://doi.org/10.1152/ajpcell.00037.2024,American Physiological Society,American Journal of Physiology-Cell Physiology,2024-01-22,11,0,MIN
10.1016/j.foodqual.2023.105032,Evaluations of meat substitutes in Brazil: Differences between vegetarians and omnivores and the role of vegetarian threat,https://doi.org/10.1016/j.foodqual.2023.105032,Elsevier BV,Food Quality and Preference,2023-10-28,47,5,Acceptance
10.1021/acsami.2c21702,Soy Protein Amyloid Fibril Scaffold for Cultivated Meat Application,https://doi.org/10.1021/acsami.2c21702,American Chemical Society (ACS),ACS Applied Materials &amp; Interfaces,2023-03-14,68,56,Scaffolding
10.5851/kosfa.2024.e27,"Laminin as a Key Extracellular Matrix for Proliferation, Differentiation, and Maturation of Porcine Muscle Stem Cell Cultivation",https://doi.org/10.5851/kosfa.2024.e27,Korean Society for Food Science of Animal Resources,Food Science of Animal Resources,2024-03-25,34,5,Scaffolding
10.3389/fbioe.2022.895289,Development of a Chemically Defined Medium for in vitro Expansion of Primary Bovine Satellite Cells,https://doi.org/10.3389/fbioe.2022.895289,Frontiers Media SA,Frontiers in Bioengineering and Biotechnology,2022-08-04,60,75,Media
10.1111/ajsp.12609,The link between people's social perceptions of cultivated meat eaters and their acceptance of cultivated meat,https://doi.org/10.1111/ajsp.12609,Wiley,Asian Journal of Social Psychology,2024-03-22,46,0,Acceptance
10.5851/kosfa.2020.e39,"Optimization of Culture Conditions for Maintaining Pig Muscle Stem
                    Cells In Vitro",https://doi.org/10.5851/kosfa.2020.e39,Korean Society for Food Science of Animal Resources,Food Science of Animal Resources,2020-05-21,31,32,Cell Sources
10.1016/j.ijbiomac.2024.134242,Stable cytoactivity of piscine satellite cells in rice bran-gelatin hydrogel scaffold of cultured meat,https://doi.org/10.1016/j.ijbiomac.2024.134242,Elsevier BV,International Journal of Biological Macromolecules,2024-07-29,60,4,Scaffolding
10.1016/j.foodhyd.2024.110156,Production of sodium alginate-gelatin composite hydrogel-based 3D cultured fat with low cholesterol and high polyunsaturated fatty acids,https://doi.org/10.1016/j.foodhyd.2024.110156,Elsevier BV,Food Hydrocolloids,2024-05-02,65,5,Scaffolding
10.1016/j.biomaterials.2021.121267,Homemade bread: Repurposing an ancient technology for in vitro tissue engineering,https://doi.org/10.1016/j.biomaterials.2021.121267,Elsevier BV,Biomaterials,2021-11-19,56,23,Scaffolding
10.3389/fsufs.2021.594650,Public Attitudes and Willingness to Pay for Cultured Meat: A Cross-Sectional Experimental Study,https://doi.org/10.3389/fsufs.2021.594650,Frontiers Media SA,Frontiers in Sustainable Food Systems,2021-02-13,45,14,Acceptance
10.1007/s11947-024-03552-4,Preparation of Novel Double Cross-Linked Hydrogels of Dietary Fibers and Proteins from Soybeans as Scaffolds for Cultured Meat,https://doi.org/10.1007/s11947-024-03552-4,Springer Science and Business Media LLC,Food and Bioprocess Technology,2024-08-12,33,1,Scaffolding
10.1016/j.fufo.2024.100395,Lactogenic treatment effects on milk synthesis genes and protein secretion in cultured bovine mammary epithelial cells,https://doi.org/10.1016/j.fufo.2024.100395,Elsevier BV,Future Foods,2024-06-13,40,1,Cell Differentiation
10.1016/j.biomaterials.2022.121602,Production of food-grade microcarriers based on by-products from the food industry to facilitate the expansion of bovine skeletal muscle satellite cells for cultured meat production,https://doi.org/10.1016/j.biomaterials.2022.121602,Elsevier BV,Biomaterials,2022-05-27,63,52,Scaffolding
10.1007/s11158-016-9331-4,"Chewing Over In Vitro Meat: Animal Ethics, Cannibalism and Social Progress",https://doi.org/10.1007/s11158-016-9331-4,Springer Science and Business Media LLC,Res Publica,2016-09-05,49,33,Ethics
10.1021/acs.biomac.2c01068,Cell Adhesion Motif-Functionalized Lipopeptides: Nanostructure and Selective Myoblast Cytocompatibility,https://doi.org/10.1021/acs.biomac.2c01068,American Chemical Society (ACS),Biomacromolecules,2022-12-15,135,11,Scaffolding
10.3390/su14126956,Perception of Cultured Meat as a Basis for Market Segmentation: Empirical Findings from Croatian Study,https://doi.org/10.3390/su14126956,MDPI AG,Sustainability,2022-06-13,49,12,Acceptance
10.3389/fnut.2024.1401715,German consumers’ attitudes toward artificial meat,https://doi.org/10.3389/fnut.2024.1401715,Frontiers Media SA,Frontiers in Nutrition,2024-06-12,54,9,Acceptance
10.1016/j.heliyon.2024.e38006,Obtaining source material for cellular agriculture,https://doi.org/10.1016/j.heliyon.2024.e38006,Elsevier BV,Heliyon,2024-09-17,56,1,Cell Sources
10.5851/kosfa.2023.e68,"The Comparison of Commercial Serum-Free Media for Hanwoo Satellite
                    Cell Proliferation and the Role of Fibroblast Growth Factor 2",https://doi.org/10.5851/kosfa.2023.e68,Korean Society for Food Science of Animal Resources,Food Science of Animal Resources,2023-10-23,43,8,Process
10.1016/j.crfs.2023.100545,Bovine muscle satellite cells in calves and cattle: A comparative study of cellular and genetic characteristics for cultivated meat production,https://doi.org/10.1016/j.crfs.2023.100545,Elsevier BV,Current Research in Food Science,2023-07-05,42,17,Process
10.1080/00036846.2024.2408035,"Consumers’ willingness to pay for alternative protein food products: taste preference, health, and environmental concerns",https://doi.org/10.1080/00036846.2024.2408035,Informa UK Limited,Applied Economics,2024-10-07,49,3,Acceptance
10.1177/14614448221122211,Framing in the social media era: Socio-psychological mechanisms underlying online public opinion of cultured meat,https://doi.org/10.1177/14614448221122211,SAGE Publications,New Media &amp; Society,2022-09-09,49,4,Education
10.5851/kosfa.2024.e72,"Effect of Chicken Age on Proliferation and Differentiation Abilities
                    of Muscle Stem Cells and Nutritional Characteristics of Cultured Meat
                    Tissue",https://doi.org/10.5851/kosfa.2024.e72,Korean Society for Food Science of Animal Resources,Food Science of Animal Resources,2024-08-07,40,4,Cell Sources
10.1016/j.jfutfo.2021.09.005,Porcine skeletal muscle tissue fabrication for cultured meat production using three-dimensional bioprinting technology,https://doi.org/10.1016/j.jfutfo.2021.09.005,Elsevier BV,Journal of Future Foods,2021-11-08,39,47,Scaffolding
10.1111/japp.12056,The Ethics of Producing <i>In Vitro</i> Meat,https://doi.org/10.1111/japp.12056,Wiley,Journal of Applied Philosophy,2014-02-28,0,86,Ethics
10.1057/s41599-022-01316-z,"The expected impact of cultivated and plant-based meats on jobs: the views of experts from Brazil, the United States and Europe",https://doi.org/10.1057/s41599-022-01316-z,Springer Science and Business Media LLC,Humanities and Social Sciences Communications,2022-08-29,79,22,Stakeholders
10.1016/j.jfoodeng.2023.111627,Nutritionally enhanced fibrous scaffolds by rolling droplet-interfacial polyelectrolyte complexation (RD-IPC),https://doi.org/10.1016/j.jfoodeng.2023.111627,Elsevier BV,Journal of Food Engineering,2023-06-15,31,2,Scaffolding
10.1002/cyto.a.24737,Validation of multiparametric panels for bovine mesenchymal stromal cell phenotyping,https://doi.org/10.1002/cyto.a.24737,Wiley,Cytometry Part A,2023-05-13,80,5,Cell Sources
10.3390/bioengineering9050187,Automatic Programmable Bioreactor with pH Monitoring System for Tissue Engineering Application,https://doi.org/10.3390/bioengineering9050187,MDPI AG,Bioengineering,2022-04-26,25,7,Process
10.1002/bit.27848,Scale‐up economics for cultured meat,https://doi.org/10.1002/bit.27848,Wiley,Biotechnology and Bioengineering,2021-06-08,43,158,Performance
10.1016/j.gloenvcha.2017.09.001,Greedy or needy? Land use and climate impacts of food in 2050 under different livestock futures,https://doi.org/10.1016/j.gloenvcha.2017.09.001,Elsevier BV,Global Environmental Change,2017-09-20,112,271,Performance
10.3390/su15129253,Livestock Farmers’ Attitudes towards Alternative Proteins,https://doi.org/10.3390/su15129253,MDPI AG,Sustainability,2023-06-08,76,8,Stakeholders
10.1016/j.biomaterials.2022.121487,3D-printable plant protein-enriched scaffolds for cultivated meat development,https://doi.org/10.1016/j.biomaterials.2022.121487,Elsevier BV,Biomaterials,2022-03-24,59,138,Scaffolding
10.3390/foods11213364,Large-Scale Expansion of Porcine Adipose-Derived Stem Cells Based on Microcarriers System for Cultured Meat Production,https://doi.org/10.3390/foods11213364,MDPI AG,Foods,2022-10-26,37,15,Cell Sources
10.1016/j.foodres.2023.113794,Recombinant bovine FGF1 promotes muscle satellite cells mitochondrial fission and proliferation in serum-free conditions,https://doi.org/10.1016/j.foodres.2023.113794,Elsevier BV,Food Research International,2023-12-03,49,9,Media
10.1002/elsc.202300005,Multi‐objective Bayesian algorithm automatically discovers low‐cost high‐growth serum‐free media for cellular agriculture application,https://doi.org/10.1002/elsc.202300005,Wiley,Engineering in Life Sciences,2023-06-28,22,11,Media
10.1111/1750-3841.15351,An empirical assessment of common or usual names to label cell‐based seafood products,https://doi.org/10.1111/1750-3841.15351,Wiley,Journal of Food Science,2020-07-21,34,27,Acceptance
10.1016/j.meatsci.2022.108776,Does the future of meat in France depend on cultured muscle cells? Answers from different consumer segments,https://doi.org/10.1016/j.meatsci.2022.108776,Elsevier BV,Meat Science,2022-02-22,39,45,NA
10.1016/j.foodqual.2023.105060,Acceptance of alternative meats among different dietarian styles: An explorative analysis in Italy,https://doi.org/10.1016/j.foodqual.2023.105060,Elsevier BV,Food Quality and Preference,2023-12-01,27,13,Acceptance
10.1007/s12571-023-01390-4,Evaluation of crises suitability of food systems: a comparison of alternative protein sources,https://doi.org/10.1007/s12571-023-01390-4,Springer Science and Business Media LLC,Food Security,2023-09-19,114,1,Performance
10.1007/s10943-017-0403-3,Cultured Meat in Islamic Perspective,https://doi.org/10.1007/s10943-017-0403-3,Springer Science and Business Media LLC,Journal of Religion and Health,2017-04-29,95,61,Religion
10.1016/j.jafr.2022.100358,How much will large-scale production of cell-cultured meat cost?,https://doi.org/10.1016/j.jafr.2022.100358,Elsevier BV,Journal of Agriculture and Food Research,2022-08-18,37,47,Performance
10.1016/j.foodres.2024.114425,Konjac glucomannan-fibrin composite hydrogel as a model for ideal scaffolds for cell-culture meat,https://doi.org/10.1016/j.foodres.2024.114425,Elsevier BV,Food Research International,2024-04-23,47,6,Scaffolding
10.1016/j.foodqual.2022.104573,"Consumers’ attitudes towards lab-grown meat, conventionally raised meat and plant-based protein alternatives",https://doi.org/10.1016/j.foodqual.2022.104573,Elsevier BV,Food Quality and Preference,2022-02-26,85,60,Acceptance
10.1016/j.ecoser.2022.101444,How to reduce agri-environmental impacts on ecosystem services: the role of nudging techniques to increase purchase of plant-based meat substitutes,https://doi.org/10.1016/j.ecoser.2022.101444,Elsevier BV,Ecosystem Services,2022-06-15,76,14,Acceptance
10.1007/s11569-017-0282-9,How Smart Grid Meets In Vitro Meat: on Visions as Socio-Epistemic Practices,https://doi.org/10.1007/s11569-017-0282-9,Springer Science and Business Media LLC,NanoEthics,2017-02-15,75,28,Ethics
10.1038/s41598-024-68247-4,Chemical and sensory analyses of cultivated pork fat tissue as a flavor enhancer for meat alternatives,https://doi.org/10.1038/s41598-024-68247-4,Springer Science and Business Media LLC,Scientific Reports,2024-07-31,103,5,Acceptance
10.1039/d0lc00508h,"Fattening chips: hypertrophy, feeding, and fasting of human white adipocytes<i>in vitro</i>",https://doi.org/10.1039/d0lc00508h,Royal Society of Chemistry (RSC),Lab on a Chip,2020-09-21,108,13,MIN
10.1007/s11356-022-23597-2,The role of environmental-related message on consumer acceptance of novel food production technology: an experimental investigation on artificial meat products,https://doi.org/10.1007/s11356-022-23597-2,Springer Science and Business Media LLC,Environmental Science and Pollution Research,2022-10-21,81,10,Acceptance
10.1007/s11356-022-23597-2,The role of environmental-related message on consumer acceptance of novel food production technology: an experimental investigation on artificial meat products,https://doi.org/10.1007/s11356-022-23597-2,Springer Science and Business Media LLC,Environmental Science and Pollution Research,2022-10-21,81,10,Media
10.1016/j.tifs.2022.04.015,The transformation of our food system using cellular agriculture: What lies ahead and who will lead it?,https://doi.org/10.1016/j.tifs.2022.04.015,Elsevier BV,Trends in Food Science &amp; Technology,2022-04-28,69,30,Review
10.3934/agrfood.2024021,Cultured meat: A survey of awareness among Greek consumers,https://doi.org/10.3934/agrfood.2024021,American Institute of Mathematical Sciences (AIMS),AIMS Agriculture and Food,2024-03-13,41,0,Acceptance
10.1016/j.biomaterials.2022.121543,3D porous scaffolds from wheat glutenin for cultured meat applications,https://doi.org/10.1016/j.biomaterials.2022.121543,Elsevier BV,Biomaterials,2022-04-27,66,104,Scaffolding
10.1016/j.fbio.2023.102923,Evaluation of fermented soybean meal and edible insect hydrolysates as potential serum replacement in pig muscle stem cell culture,https://doi.org/10.1016/j.fbio.2023.102923,Elsevier BV,Food Bioscience,2023-07-06,59,16,Media
10.3389/fsufs.2019.00069,How Normal Meat Becomes Stranger as Cultured Meat Becomes More Normal; Ambivalence and Ambiguity Below the Surface of Behavior,https://doi.org/10.3389/fsufs.2019.00069,Frontiers Media SA,Frontiers in Sustainable Food Systems,2019-08-28,45,47,Acceptance
10.1016/j.isci.2022.105054,Recombinant production of growth factors for application in cell culture,https://doi.org/10.1016/j.isci.2022.105054,Elsevier BV,iScience,2022-09-03,57,44,Media
10.1038/s41467-021-25236-9,Engineered whole cut meat-like tissue by the assembly of cell fibers using tendon-gel integrated bioprinting,https://doi.org/10.1038/s41467-021-25236-9,Springer Science and Business Media LLC,Nature Communications,2021-08-24,51,217,Scaffolding
10.1002/jbm.a.37241,Decellularized grass as a sustainable scaffold for skeletal muscle tissue engineering,https://doi.org/10.1002/jbm.a.37241,Wiley,Journal of Biomedical Materials Research Part A,2021-05-31,49,50,Scaffolding
10.1002/bit.27469,Bioprocess development for scalable production of cultivated meat,https://doi.org/10.1002/bit.27469,Wiley,Biotechnology and Bioengineering,2020-06-22,45,49,Process
10.3390/ani12233328,Inhibition of GSK3β Promotes Proliferation and Suppresses Apoptosis of Porcine Muscle Satellite Cells,https://doi.org/10.3390/ani12233328,MDPI AG,Animals,2022-11-29,61,7,Cell Sources
10.3390/foods9020185,A New Edible Film to Produce In Vitro Meat,https://doi.org/10.3390/foods9020185,MDPI AG,Foods,2020-02-25,32,47,Media
10.1038/s43016-022-00601-z,A virtue-ethical approach to cultured meat,https://doi.org/10.1038/s43016-022-00601-z,Springer Science and Business Media LLC,Nature Food,2022-10-18,21,9,Ethics
10.1108/jiabr-01-2022-0002,Recombinant collagen-like protein: ethical policy and consumers’ likelihood to consume,https://doi.org/10.1108/jiabr-01-2022-0002,Emerald,Journal of Islamic Accounting and Business Research,2023-08-08,109,1,NA
10.1016/j.appet.2016.10.002,Explicit and implicit attitude toward an emerging food technology: The case of cultured meat,https://doi.org/10.1016/j.appet.2016.10.002,Elsevier BV,Appetite,2016-10-08,67,155,Acceptance
10.1038/s41467-023-44001-8,Generation of three-dimensional meat-like tissue from stable pig epiblast stem cells,https://doi.org/10.1038/s41467-023-44001-8,Springer Science and Business Media LLC,Nature Communications,2023-12-09,69,28,Cell Differentiation
10.1007/s11673-023-10254-7,Flesh Without Blood: The Public Health Benefits of Lab‐Grown Meat,https://doi.org/10.1007/s11673-023-10254-7,Springer Science and Business Media LLC,Journal of Bioethical Inquiry,2023-09-01,52,4,Review
10.1093/af/vfac002,Is “cultured meat” a viable alternative to slaughtering animals and a good comprise between animal welfare and human expectations?,https://doi.org/10.1093/af/vfac002,Oxford University Press (OUP),Animal Frontiers,2022-03-17,29,57,Review
10.3390/polym13172882,An Environmental Friendly Tapioca Starch-Alginate Cultured Scaffold as Biomimetic Muscle Tissue,https://doi.org/10.3390/polym13172882,MDPI AG,Polymers,2021-08-31,73,13,Scaffolding
10.3390/foods11193037,Entomoculture: A Preliminary Techno-Economic Assessment,https://doi.org/10.3390/foods11193037,MDPI AG,Foods,2022-10-08,68,7,Performance
10.1016/j.biomaterials.2022.121659,Edible films for cultivated meat production,https://doi.org/10.1016/j.biomaterials.2022.121659,Elsevier BV,Biomaterials,2022-07-06,91,67,Scaffolding
10.3390/su152316164,Microbiota-Derived Postbiotics Enhance the Proliferative Effects of Growth Factors on Satellite Cells in Cultivated Meat Applications,https://doi.org/10.3390/su152316164,MDPI AG,Sustainability,2023-11-21,41,3,Media
10.1016/j.matdes.2024.112992,Use of negative thermal expansion to design scaffolds for cultured meat,https://doi.org/10.1016/j.matdes.2024.112992,Elsevier BV,Materials &amp; Design,2024-04-30,45,2,Scaffolding
10.1016/j.meatsci.2022.109081,Will cultured meat be served on Chinese tables? A study of consumer attitudes and intentions about cultured meat in China,https://doi.org/10.1016/j.meatsci.2022.109081,Elsevier BV,Meat Science,2022-12-20,64,24,NA
10.3390/su15054009,Perceptions of Cultivated Meat in Millennial and Generation X Consumers Resident in Aotearoa New Zealand,https://doi.org/10.3390/su15054009,MDPI AG,Sustainability,2023-02-23,57,8,Acceptance
10.1002/adma.202207397,3D‐Printed Prolamin Scaffolds for Cell‐Based Meat Culture,https://doi.org/10.1002/adma.202207397,Wiley,Advanced Materials,2022-10-22,33,61,Scaffolding
10.1038/s41538-024-00257-y,Stretchable zein-coated alginate fiber for aligning muscle cells to artificially produce cultivated meat,https://doi.org/10.1038/s41538-024-00257-y,Springer Science and Business Media LLC,npj Science of Food,2024-02-19,47,9,Scaffolding
10.1016/j.ecolecon.2021.107329,How much does it take? Willingness to switch to meat substitutes,https://doi.org/10.1016/j.ecolecon.2021.107329,Elsevier BV,Ecological Economics,2021-12-31,51,47,Acceptance
10.1016/j.biomaterials.2021.121107,Decompartmentalisation as a simple color manipulation of plant-based marbling meat alternatives,https://doi.org/10.1016/j.biomaterials.2021.121107,Elsevier BV,Biomaterials,2021-09-03,73,36,Scaffolding
10.1108/bfj-02-2020-0092,Consumer acceptance of cultured meat: some hints from Italy,https://doi.org/10.1108/bfj-02-2020-0092,Emerald,British Food Journal,2020-06-29,78,66,NA
10.1371/journal.pone.0275009,Investigating the market for cultivated meat as pet food: A survey analysis,https://doi.org/10.1371/journal.pone.0275009,Public Library of Science (PLoS),PLOS ONE,2022-12-30,70,11,Acceptance
10.1016/j.fbio.2022.101766,Natural flavonoid luteolin promotes the differentiation of porcine myoblasts through activation of PI3K/Akt/mTOR signaling,https://doi.org/10.1016/j.fbio.2022.101766,Elsevier BV,Food Bioscience,2022-05-07,39,15,Media
10.1038/d41586-020-03448-1,Will cell-based meat ever be a dinner staple?,https://doi.org/10.1038/d41586-020-03448-1,Springer Science and Business Media LLC,Nature,2020-12-09,7,30,MIN
10.1021/acsbiomaterials.3c01625,Generation of Chicken Contractile Skeletal Muscle Structure Using Decellularized Plant Scaffolds,https://doi.org/10.1021/acsbiomaterials.3c01625,American Chemical Society (ACS),ACS Biomaterials Science &amp; Engineering,2024-04-02,44,4,Scaffolding
10.1016/j.bbrc.2023.10.018,Muscle cell proliferation using water-soluble extract from nitrogen-fixing cyanobacteria Anabaena sp. PCC 7120 for sustainable cultured meat production,https://doi.org/10.1016/j.bbrc.2023.10.018,Elsevier BV,Biochemical and Biophysical Research Communications,2023-10-05,37,14,Media
10.1016/j.foodhyd.2024.110412,Aligned electrospun starch-pullulan-protein fibers,https://doi.org/10.1016/j.foodhyd.2024.110412,Elsevier BV,Food Hydrocolloids,2024-07-11,53,2,Scaffolding
10.1073/pnas.2207782120,The big business of sustainable food production and consumption: Exploring the transition to alternative proteins,https://doi.org/10.1073/pnas.2207782120,Proceedings of the National Academy of Sciences,Proceedings of the National Academy of Sciences,2023-11-13,61,32,Education
10.1038/s41538-019-0054-8,Muscle tissue engineering in fibrous gelatin: implications for meat analogs,https://doi.org/10.1038/s41538-019-0054-8,Springer Science and Business Media LLC,npj Science of Food,2019-10-21,67,160,Scaffolding
10.1038/s41467-023-43984-8,A conversation about cultivated meat,https://doi.org/10.1038/s41467-023-43984-8,Springer Science and Business Media LLC,Nature Communications,2023-12-14,0,1,Acceptance
10.1016/j.meatsci.2023.109191,Can in vitro meat be a viable alternative for Turkish consumers?,https://doi.org/10.1016/j.meatsci.2023.109191,Elsevier BV,Meat Science,2023-04-08,58,8,NA
10.1016/j.foodpol.2022.102376,Consumers’ valuation of cultured beef Burger: A Multi-Country investigation using choice experiments,https://doi.org/10.1016/j.foodpol.2022.102376,Elsevier BV,Food Policy,2022-11-05,95,21,Acceptance
10.3390/biom12060838,Effects of Hypoxia on Proliferation and Differentiation in Belgian Blue and Hanwoo Muscle Satellite Cells for the Development of Cultured Meat,https://doi.org/10.3390/biom12060838,MDPI AG,Biomolecules,2022-06-17,42,16,Process
10.3390/gels9010065,Effect of Grape Seed Extract on Gelatin-Based Edible 3D-Hydrogels for Cultured Meat Application,https://doi.org/10.3390/gels9010065,MDPI AG,Gels,2023-01-13,16,14,Scaffolding
10.1177/2514848619827009,Framing the future of food: The contested promises of alternative proteins,https://doi.org/10.1177/2514848619827009,SAGE Publications,Environment and Planning E: Nature and Space,2019-02-06,69,127,Education
10.3389/fsufs.2024.1341151,Decellularized banana leaves: eco-friendly scaffolds for cell-based seafood,https://doi.org/10.3389/fsufs.2024.1341151,Frontiers Media SA,Frontiers in Sustainable Food Systems,2024-02-02,33,5,Scaffolding
10.1038/s43016-022-00616-6,Challenges of assessing the environmental sustainability of cellular agriculture,https://doi.org/10.1038/s43016-022-00616-6,Springer Science and Business Media LLC,Nature Food,2022-10-18,25,17,Performance
10.1098/rsta.2020.0452,How necessary and feasible are reductions of methane emissions from livestock to support stringent temperature goals?,https://doi.org/10.1098/rsta.2020.0452,The Royal Society,"Philosophical Transactions of the Royal Society A: Mathematical, Physical and Engineering Sciences",2021-09-27,134,73,Performance
10.1080/09505431.2016.1171836,Promise and Ontological Ambiguity in the<i>In vitro</i>Meat Imagescape: From Laboratory Myotubes to the Cultured Burger,https://doi.org/10.1080/09505431.2016.1171836,Informa UK Limited,Science as Culture,2016-07-08,48,46,Education
10.1177/09632719231196535,Who owns NATURE? Conceptual appropriation in discourses on climate and biotechnologies,https://doi.org/10.1177/09632719231196535,SAGE Publications,Environmental Values,2023-12-09,76,9,Ethics
10.1021/acs.jafc.3c06919,Morphology-Based Prediction of Proliferation and Differentiation Potencies of Porcine Muscle Stem Cells for Cultured Meat Production,https://doi.org/10.1021/acs.jafc.3c06919,American Chemical Society (ACS),Journal of Agricultural and Food Chemistry,2023-11-14,35,4,Process
